#{"t_start": 1777041532.2938259, "env_id": "None"}
r,l,t
-43.573536,1000,115.76607
-49.09079,1000,115.76607
-43.283554,1000,115.76607
-44.649338,1000,115.76607
-49.090855,1000,115.76607
-54.407005,1000,115.76607
-43.662025,1000,115.76607
-46.70832,1000,115.76607
-43.060555,1000,241.780128
-51.977257,1000,241.780128
-47.552418,1000,241.780128
-53.79517,1000,241.780128
-59.119164,1000,241.780128
-48.71791,1000,241.780128
-47.916588,1000,241.780128
-50.57026,1000,241.780128
-50.464317,1000,367.330143
-50.98031,1000,367.330143
-32.432682,1000,367.330143
-37.238686,1000,367.332126
-55.172256,1000,367.332126
-49.99993,1000,367.332126
-44.444317,1000,367.332126
-18.803186,1000,367.332126
-46.666668,1000,519.160847
-38.35609,1000,519.160847
-53.237278,1000,519.160847
-37.293907,1000,519.160847
-32.862118,1000,519.160847
-44.615433,1000,519.160847
-46.666634,1000,519.160847
-53.947227,1000,519.160847
69.382256,1000,643.002694
-31.159618,1000,643.002694
40.127285,1000,643.002694
-53.068424,1000,643.002694
-23.91285,1000,643.002694
25.449108,1000,643.002694
-46.372246,1000,643.002694
-17.80794,1000,643.002694
-20.151814,1000,766.326373
-30.656778,1000,766.326373
-26.8291,1000,766.326373
-16.03018,1000,766.326373
-36.30573,1000,766.326373
-29.328499,1000,766.326373
-28.838797,1000,766.326373
-38.235306,1000,766.326373
43.8608,1000,932.183289
-29.487112,1000,932.183289
-22.508972,1000,932.183289
12.211994,1000,932.183289
-28.571297,1000,932.183289
-30.31348,1000,932.183289
38.060883,1000,932.183289
-23.587784,1000,932.183289
40.57602,1000,1056.029816
54.6774,1000,1056.029816
-25.37312,1000,1056.029816
46.032677,1000,1056.029816
60.920692,1000,1056.029816
-18.518208,1000,1056.029816
59.421318,1000,1056.029816
82.12037,1000,1056.029816
-61.42478,928,1170.502514
-58.733025,999,1176.186597
-17.602644,1000,1176.374848
-18.215288,1000,1176.374848
-13.533448,1000,1176.37585
-28.338753,1000,1176.37585
-27.631475,1000,1176.37585
34.94921,1000,1176.37585
-22.806772,1000,1344.875319
-29.292757,1000,1350.690398
-21.146648,1000,1350.881418
-28.571327,1000,1350.881418
-30.463472,1000,1350.881418
-13.668624,1000,1350.881418
-17.26578,1000,1350.881418
238.17868,1000,1350.881418
25.413685,1000,1466.155662
424.27,1000,1471.919549
40.001205,1000,1472.159271
322.7913,1000,1472.159271
203.88351,1000,1472.159271
-5.604445,1000,1472.159271
-21.932766,1000,1472.159271
50.538902,1000,1472.159271
-32.721577,1000,1589.431921
319.45972,1000,1595.223791
75.000854,1000,1595.43144
262.7079,1000,1595.43144
-23.076635,1000,1595.43144
82.9665,1000,1595.43144
445.7704,1000,1595.43144
82.11988,1000,1595.43144
-23.912712,1000,1753.693311
293.93567,1000,1759.660557
44.82882,1000,1759.860584
52.1752,1000,1759.860584
310.52274,1000,1759.860584
262.5339,1000,1759.860584
445.7587,1000,1759.860584
71.7557,1000,1759.860584
318.1151,1000,1877.205465
465.6531,1000,1883.164231
-25.675425,1000,1883.365252
87.77198,1000,1883.366252
204.07155,1000,1883.366252
60.96015,1000,1883.366252
154.59804,1000,1883.366252
175.16444,1000,1883.366252
295.82996,1000,2002.407679
71.533134,1000,2008.340002
270.48856,1000,2008.537022
241.6336,1000,2008.537022
610.8475,1000,2008.537022
173.0461,1000,2008.538022
275.35532,1000,2008.538022
230.27158,1000,2008.538022
59.32299,1000,2188.195497
710.2223,1000,2194.113264
458.4868,1000,2194.313712
586.6233,1000,2194.313712
352.45538,1000,2194.313712
69.611374,1000,2194.313712
376.8643,1000,2194.313712
408.5282,1000,2194.313712
488.88617,1000,2318.904176
432.04825,1000,2324.929992
547.80176,1000,2325.120121
565.6333,1000,2325.120121
288.70068,1000,2325.120121
84.2097,1000,2325.120121
851.31635,1000,2325.12112
691.66705,1000,2325.12112
319.3517,1000,2443.790424
428.08685,1000,2450.086106
631.6191,1000,2450.281154
425.5932,1000,2450.281154
245.31992,1000,2450.282152
179.36139,1000,2450.282152
322.29425,1000,2450.282152
591.7796,1000,2450.282152
230.0936,1000,2616.862537
-67.61085,992,2642.695624
366.44,1000,2643.320791
573.759,1000,2643.516809
554.1065,1000,2643.516809
183.01508,1000,2643.51781
499.27386,1000,2643.51781
541.37634,1000,2643.51781
296.36014,1000,2746.649316
198.9652,1000,2772.233032
270.8575,1000,2772.866401
79.012405,1000,2773.066034
392.53363,1000,2773.066034
741.89764,1000,2773.066034
338.64746,1000,2773.066034
347.549,1000,2773.066034
291.14102,1000,2876.094467
249.5122,1000,2881.580787
250.81671,1000,2901.376736
11.421452,1000,2901.555887
345.22595,1000,2901.555887
248.11957,1000,2901.555887
459.99603,1000,2901.555887
245.32065,1000,2901.555887
583.454,1000,3049.689074
177.97453,1000,3054.988584
15.790506,1000,3055.597373
570.24945,1000,3055.78483
497.01212,1000,3055.78483
259.47363,1000,3055.78483
-27.535984,1000,3055.78483
-33.55465,1000,3055.78483
251.06052,1000,3173.415691
-129.67484,954,3175.549483
271.208,1000,3178.760753
191.33438,1000,3179.386396
516.6642,1000,3179.579213
-35.779663,1000,3179.580213
618.4129,1000,3179.580213
179.06554,1000,3179.580213
58.417175,1000,3298.280778
305.84076,1000,3300.407105
759.9256,1000,3303.696093
276.26703,1000,3304.303365
634.21814,1000,3304.473531
399.99673,1000,3304.473531
257.82388,1000,3304.473531
698.6578,1000,3304.473531
501.90802,1000,3423.545925
687.07367,1000,3425.705191
575.3777,1000,3428.990385
181.14636,1000,3429.659025
132.34901,1000,3429.842659
343.17755,1000,3429.84366
743.87036,1000,3429.84366
710.22107,1000,3429.84366
181.14642,1000,3612.665421
575.58844,1000,3614.938129
570.18005,1000,3618.156442
753.4807,1000,3618.812436
508.27765,1000,3618.971461
413.40576,1000,3618.971461
259.73212,1000,3618.971461
262.74106,1000,3618.971461
774.56085,1000,3736.938634
202.46509,1000,3739.205689
276.26675,1000,3742.607807
710.53296,1000,3743.198698
229.22696,1000,3743.366871
835.85364,1000,3743.366871
564.24005,1000,3743.366871
281.11493,1000,3743.366871
-62.064667,664,3815.375477
420.2448,1000,3861.13574
514.8105,1000,3866.948285
710.40924,1000,3867.586689
797.16925,1000,3867.794353
446.38785,1000,3867.794353
561.82385,1000,3867.794353
346.5364,1000,3867.794353
542.865,1000,4004.712354
271.6179,1000,4051.573459
605.13403,1000,4057.229125
271.0647,1000,4057.877734
566.67426,1000,4058.183422
413.67407,1000,4058.183422
740.74774,1000,4058.183422
590.32764,1000,4058.183422
521.5246,1000,4130.184828
811.44275,1000,4175.880665
642.8553,1000,4181.438159
459.43756,1000,4182.09347
770.9736,1000,4182.252586
586.5757,1000,4182.252586
331.7424,1000,4182.252586
494.6808,1000,4182.252586
604.6291,1000,4254.58957
444.05713,1000,4300.53969
478.01245,1000,4306.162517
733.33624,1000,4306.798102
443.3302,1000,4306.958122
537.22095,1000,4306.958122
591.7609,1000,4306.958122
440.34766,1000,4306.958122
167.05792,1000,4447.052516
348.6647,1000,4495.061153
463.07385,1000,4500.747878
387.08026,1000,4501.392851
791.70447,1000,4501.580735
855.4003,1000,4501.581735
302.9808,1000,4501.581735
547.24744,1000,4501.581735
484.56708,1000,4576.345436
456.30942,1000,4624.011178
697.7995,1000,4629.693868
649.1123,1000,4630.30771
371.90628,1000,4630.491954
765.77563,1000,4630.491954
675.4449,1000,4630.491954
585.3943,1000,4630.491954
384.66187,1000,4704.601219
718.19196,1000,4751.161852
477.63528,1000,4756.875107
335.18112,1000,4757.501709
186.66486,1000,4757.669524
769.288,1000,4757.669524
779.84674,1000,4757.669524
436.83875,1000,4757.669524
902.00867,980,4892.670983
549.2659,1000,4940.284279
796.2298,1000,4945.826487
522.1493,1000,4946.421675
385.18045,1000,4946.586186
629.83374,1000,4946.586186
585.4389,1000,4946.586186
452.5381,1000,4946.586186
639.5523,1000,5018.468889
55.55636,1000,5066.311997
323.20428,1000,5071.768583
670.2351,1000,5072.374268
692.05176,1000,5072.532939
296.29156,1000,5072.532939
313.0392,1000,5072.532939
302.6359,1000,5072.532939
787.04297,1000,5144.410522
233.32889,1000,5192.325589
550.92175,1000,5197.89844
752.40625,1000,5198.539275
386.16153,1000,5198.867423
538.4463,1000,5198.868423
520.7969,1000,5198.868423
603.9531,1000,5198.868423
215.48938,1000,5331.989503
643.2463,1000,5380.936433
362.45905,1000,5386.788998
861.139,1000,5387.410524
35.889862,1000,5387.580163
195.85411,1000,5387.580163
487.2472,1000,5387.580163
706.12744,1000,5387.580163
912.30646,877,5448.324182
854.7109,1000,5507.580344
906.8059,932,5507.921504
287.8748,1000,5513.313436
12.2122,1000,5513.953621
679.5559,1000,5514.107352
756.12024,1000,5514.107352
784.1766,1000,5514.107352
584.05316,1000,5574.809533
604.40454,1000,5614.65936
540.67596,1000,5615.024712
243.13394,1000,5640.129205
401.61542,1000,5640.764852
426.6641,1000,5640.914489
718.1827,1000,5640.914489
715.88617,1000,5640.914489
844.0588,1000,5701.393658
654.8378,1000,5805.24806
611.53955,1000,5805.620426
591.1187,1000,5830.682035
650.0057,1000,5831.374314
797.89166,1000,5831.534845
693.44476,1000,5831.534845
202.39218,1000,5831.534845
851.6797,1000,5892.784955
732.7432,1000,5931.710235
860.1836,1000,5932.091278
737.54736,1000,5956.388847
746.4358,1000,5956.997917
271.5255,1000,5957.152935
749.1263,1000,5957.152935
203.97725,1000,5957.152935
467.008,1000,5998.259026
524.08435,1000,6056.928604
471.42587,1000,6057.338614
557.2302,1000,6062.758503
377.41745,1000,6063.367258
612.2808,1000,6063.529286
735.1325,1000,6063.529286
801.3611,1000,6063.529286
692.2101,1000,6124.788834
729.2704,1000,6248.254324
529.86786,1000,6248.664392
561.9694,1000,6253.898392
594.80475,1000,6254.531623
183.10748,999,6254.531623
669.50574,1000,6254.664603
789.7366,1000,6254.664603
792.6178,1000,6315.790187
372.20206,870,6369.950438
903.6014,964,6371.889256
860.436,1000,6375.42002
880.13495,1000,6380.659072
857.30035,1000,6381.30877
547.8922,1000,6381.30877
614.2864,1000,6381.421502
403.00842,1000,6442.163534
775.52094,793,6477.617916
476.7848,743,6483.839076
745.30133,785,6488.044478
573.07904,873,6495.59252
387.87436,1000,6497.386398
281.81396,1000,6500.769013
153.07007,506,6505.081259
290.56772,1000,6506.68893
241.89124,562,6555.940247
372.10547,618,6556.540411
201.22101,461,6559.99338
141.49872,486,6568.081311
432.15118,687,6576.110165
541.5867,1000,6602.893097
51.468613,294,6612.902283
611.1118,1000,6620.913755
425.41904,1000,6684.931057
396.47815,670,6692.102028
29.893692,313,6694.672667
239.3251,528,6722.549097
366.5114,676,6728.047149
596.29315,1000,6736.013142
372.21802,1000,6736.62319
720.8304,968,6798.887739
318.1287,538,6802.939081
868.9681,1000,6811.445454
273.98868,656,6813.936546
148.71336,1000,6818.897823
353.51663,1000,6821.856313
486.56775,1000,6850.932034
785.1111,1000,6856.729994
56.41371,294,6858.58917
324.6396,608,6874.018533
184.49115,448,6879.533027
293.5287,506,6922.998969
532.36584,1000,6932.208709
358.4675,1000,6943.073881
411.35858,1000,6950.551536
221.67361,1000,6980.044511
641.8317,1000,6985.623421
38.785263,256,6994.085023
809.72015,1000,7002.8955
151.27841,708,7006.50872
779.24774,1000,7008.438236
303.43954,665,7011.848118
217.89478,592,7016.476341
178.33179,551,7064.099545
154.69229,514,7101.288693
430.11176,623,7113.300914
196.87506,606,7115.226464
9.698135,287,7137.553162
526.22534,1000,7137.928564
392.05984,1000,7143.765429
361.81674,828,7145.651676
515.38153,1000,7174.481396
269.03192,544,7205.310909
291.07907,508,7208.087841
312.5776,707,7219.888367
406.4898,1000,7229.007398
726.86523,1000,7240.212546
399.99524,1000,7242.009926
826.6754,1000,7272.162507
58.623886,300,7274.459551
886.30835,1000,7300.332727
194.82059,525,7305.287749
627.56165,1000,7331.153782
459.85382,1000,7333.849435
860.4429,1000,7345.431704
76.360504,324,7347.737882
405.91345,1000,7367.628671
722.2276,1000,7397.281566
352.05008,1000,7399.558562
331.1273,707,7411.331815
934.3047,657,7421.321698
427.77374,1000,7430.289583
870.80597,1000,7460.239303
216.02203,554,7466.093451
888.5599,1000,7474.326199
406.70596,680,7491.033412
554.24805,1000,7535.294809
596.21216,1000,7568.067139
217.6052,1000,7589.8194
924.80475,752,7592.124154
546.0595,1000,7598.802236
233.38144,590,7606.271829
194.82837,1000,7627.294578
426.21912,776,7638.684556
255.87802,1000,7641.466243
201.74277,729,7692.003137
865.4083,1000,7693.678476
245.93387,640,7700.872279
659.2078,1000,7717.880433
272.23697,1000,7724.527641
846.16235,1000,7733.847611
448.73132,1000,7764.71542
886.4513,1000,7767.486801
571.87805,1000,7798.770272
889.5869,1000,7820.602098
578.6878,1000,7827.843671
896.4889,1000,7844.840209
841.5639,1000,7851.59355
882.4014,1000,7860.53147
596.96674,1000,7891.307907
293.93457,1000,7894.01136
713.876,1000,7988.70367
858.966,1000,7990.447475
889.05817,1000,8016.909161
916.09985,839,8020.052284
892.86755,1000,8040.520196
835.6011,1000,8049.414495
881.69293,1000,8080.017727
655.56415,1000,8082.716811
474.70822,1000,8114.176035
731.69135,1000,8115.822916
862.46643,1000,8142.158245
566.66754,1000,8145.40577
870.30334,1000,8166.313122
922.50464,775,8167.204005
508.1068,1000,8175.459031
799.67596,1000,8209.346245
870.70483,1000,8240.531341
484.2323,1000,8242.146359
481.69458,1000,8269.943473
746.9796,1000,8273.051943
233.3284,1000,8293.374112
450.51755,1000,8294.260453
861.54584,1000,8302.370209
248.96915,1000,8336.353306
102.69989,1000,8367.005734
551.24384,1000,8368.686442
687.462,1000,8431.185184
882.154,1000,8454.720231
657.47644,1000,8476.510329
530.9155,1000,8477.432474
131.29196,1000,8486.015315
845.326,1000,8520.911417
380.80508,824,8549.862762
862.46497,1000,8553.516974
566.66547,1000,8555.215133
767.74786,1000,8562.851024
556.0284,1000,8608.192861
865.2816,1000,8609.103693
889.3346,1000,8617.68593
428.68475,980,8630.814372
929.3053,707,8656.417696
203.12561,579,8681.709072
869.36224,1000,8685.77736
708.8363,1000,8687.460707
540.3918,947,8690.114639
923.30457,767,8699.785154
494.3907,779,8729.868216
924.6043,754,8740.46674
230.2136,545,8760.03352
248.42749,1000,8766.826872
928.3996,716,8793.514274
909.5018,905,8808.55169
875.8669,1000,8813.041307
40.066452,1000,8830.746516
362.62885,1000,8914.853985
924.006,760,8923.332484
877.1932,1000,8925.404226
880.90137,1000,8952.445723
519.35016,1000,8979.351721
913.6059,864,8982.458179
189.89789,1000,8999.547743
926.2027,738,9003.378065
539.7176,1000,9017.511942
338.12238,1000,9056.071538
438.45715,1000,9058.131516
911.8048,882,9074.056941
631.1463,1000,9110.859872
295.18475,1000,9114.039943
827.806,1000,9131.320837
56.48995,1000,9135.167526
825.2773,1000,9149.223566
564.32214,1000,9187.554511
607.6024,1000,9189.645572
829.3378,1000,9205.591546
844.6429,1000,9222.472754
388.37082,1000,9245.635127
390.95987,1000,9262.292291
53.48987,431,9264.947118
799.9994,1000,9266.271612
824.09186,1000,9280.121798
802.78455,1000,9383.071876
807.9363,1000,9385.251093
283.50766,1000,9417.981453
797.6942,1000,9441.225145
860.1669,1000,9457.681401
884.68695,1000,9460.175946
241.37485,1000,9461.53455
826.1803,1000,9475.749243
919.20276,808,9476.590969
832.2145,1000,9516.501645
874.4581,1000,9548.954789
689.64453,1000,9552.096895
933.8012,662,9576.159547
820.9791,1000,9588.711923
471.91635,1000,9591.108121
846.77606,1000,9592.461052
850.16925,1000,9607.685841
713.4427,1000,9648.244937
340.78543,1000,9680.766165
869.18024,1000,9683.925647
848.34784,1000,9709.15638
910.901,891,9714.424738
809.42285,1000,9722.127696
281.76202,1000,9726.140406
848.10767,1000,9741.030502
877.35974,1000,9781.262462
348.0237,1000,9879.852515
757.6311,1000,9882.844499
803.3426,1000,9886.842826
863.379,1000,9912.775916
790.468,1000,9920.14742
872.79297,1000,9923.880367
848.2135,1000,9938.852411
308.5973,1000,9979.108777
907.90295,921,10005.000382
872.8717,1000,10015.228515
631.39124,1000,10019.551675
913.80634,862,10023.551571
757.63153,1000,10045.318369
859.3286,1000,10052.912648
583.58075,1000,10071.458171
854.8953,1000,10111.991361
908.80115,912,10130.030024
924.0049,760,10130.58392
925.1054,749,10133.595244
915.0043,850,10134.663035
912.9046,871,10145.783644
336.1325,1000,10186.283467
922.6053,774,10204.200683
890.29614,1000,10205.320356
925.40485,746,10223.003904
924.9037,751,10224.521729
913.7012,863,10251.216529
896.64886,1000,10263.401206
912.3051,877,10330.938815
924.5006,755,10339.177898
932.8053,672,10396.972771
901.3051,987,10400.602503
616.38196,1000,10400.714216
908.30237,917,10411.76011
883.1155,1000,10420.880059
916.7039,833,10423.768164
919.20544,808,10446.975861
918.3054,817,10455.999834
912.40594,876,10522.700047
908.9028,911,10525.755222
564.5036,1000,10530.522821
851.01416,1000,10544.921978
788.1637,1000,10553.806933
371.46826,1000,10556.647895
415.89642,1000,10559.303798
506.8805,1000,10589.350802
921.70087,783,10622.77295
272.25803,1000,10655.855223
419.87323,1000,10658.913588
917.80164,822,10661.970581
902.20404,978,10685.596982
395.23474,1000,10690.446362
880.13635,1000,10693.005926
908.4001,916,10694.305669
907.70795,923,10813.023712
305.89938,1000,10854.00218
893.19946,1000,10857.343633
858.81116,1000,10860.578435
924.9066,751,10868.619242
893.3425,1000,10884.197687
528.29816,1000,10889.152786
886.16986,1000,10892.886651
925.3054,747,10944.339107
871.15753,1000,10948.345695
889.3715,1000,10991.342559
893.25024,1000,10994.631649
843.2684,1000,11002.882925
920.70703,793,11004.223796
872.6085,1000,11018.301178
252.7464,1000,11027.082636
913.40234,866,11066.617811
881.14124,1000,11082.707609
913.7044,863,11093.298831
915.60535,844,11103.152287
724.14374,1000,11133.862909
879.6817,1000,11144.484185
922.30164,777,11146.924068
885.08307,1000,11159.000688
914.30035,857,11172.430308
851.0779,1000,11223.329503
872.22644,1000,11297.035855
909.3991,906,11297.657023
886.7616,1000,11331.147663
669.9999,1000,11340.344225
889.3334,1000,11342.488016
917.00714,830,11351.75923
444.68927,1000,11353.808175
925.00415,750,11392.219901
918.10046,819,11407.741178
333.73077,1000,11424.312967
927.6047,724,11425.546513
882.88086,1000,11457.961216
885.2456,1000,11466.998934
929.902,701,11473.304608
721.8283,1000,11478.559296
883.0602,1000,11480.592035
873.68964,1000,11535.041049
907.50684,925,11545.280498
922.89954,771,11546.122002
203.4639,1000,11553.120326
890.0718,1000,11594.730269
832.7522,1000,11600.961047
891.9126,1000,11606.084406
521.35675,1000,11608.154639
920.3053,797,11624.896812
920.5016,795,11653.950889
903.4067,966,11669.62478
869.18396,1000,11679.70942
921.40533,786,11757.413226
886.0201,1000,11784.368942
747.40027,1000,11790.63886
414.56003,1000,11798.100142
916.70746,833,11809.768595
893.3827,1000,11814.937491
888.0997,1000,11859.76306
889.628,1000,11870.941519
914.50507,855,11880.03874
917.90155,821,11883.58662
892.9422,1000,11885.687899
921.80444,782,11923.125683
108.606155,1000,11925.618472
910.1011,899,11928.549533
463.63397,885,11977.147947
881.69214,1000,11996.914011
892.6001,1000,12006.036255
889.1791,1000,12009.409606
886.2608,1000,12011.561625
917.00543,830,12014.927181
303.8967,962,12051.047714
312.15823,1000,12051.555835
834.21515,1000,12103.519276
368.84814,1000,12122.812559
289.236,1000,12132.005108
867.644,1000,12135.303828
517.7555,1000,12200.76242
554.132,1000,12204.225917
377.811,1000,12240.6298
58.249863,1000,12241.079257
518.43097,1000,12292.183622
613.29645,1000,12312.774407
206.705,1000,12322.203664
535.01624,1000,12325.557523
860.1481,1000,12327.74926
829.0376,1000,12331.208555
310.48956,1000,12367.403024
268.59988,1000,12367.906584
774.1483,1000,12399.744735
347.75696,1000,12438.663765
354.1942,1000,12448.028177
450.55814,1000,12451.314169
597.4143,1000,12453.590644
328.5665,1000,12456.960725
309.2362,1000,12493.741592
583.1642,1000,12494.214821
874.3686,1000,12526.123796
877.368,1000,12565.091346
822.8048,1000,12574.65143
487.2445,1000,12577.954815
468.84064,1000,12580.040399
413.60123,1000,12583.420171
758.10803,1000,12685.120355
828.11206,1000,12685.57947
258.20425,1000,12718.887219
875.26996,1000,12759.175742
774.22064,1000,12768.56592
896.59674,1000,12771.932541
889.2581,1000,12774.098378
882.58746,1000,12777.589195
638.3802,1000,12813.988735
515.39685,1000,12814.44515
876.5946,1000,12846.584592
903.00714,970,12883.2593
923.5014,765,12883.44286
780.968,908,12890.389283
830.23737,1000,12895.094459
926.10565,739,12898.482366
721.31604,1000,12900.627959
890.36035,1000,12940.956162
922.2038,778,12971.757047
928.2047,718,12973.692903
881.6596,1000,12973.803946
855.1799,1000,13012.898078
906.20715,938,13019.476853
931.00055,690,13023.891722
893.92786,1000,13028.7988
812.2274,1000,13031.085855
110.08957,686,13157.787326
872.3165,1000,13165.98579
889.05756,1000,13168.019345
880.95825,1000,13168.135856
917.30237,827,13206.234615
862.9735,1000,13212.759113
890.2037,1000,13216.889372
6.3589096,400,13222.095621
896.4147,1000,13223.926054
930.1033,699,13271.809438
863.53076,1000,13288.744636
932.6013,674,13299.701931
887.7777,1000,13300.36916
275.84946,924,13337.398164
868.31854,1000,13337.684709
868.1619,1000,13353.42847
860.37445,1000,13355.422917
881.8279,1000,13401.528924
911.60754,884,13418.290814
881.28345,1000,13418.582756
295.56497,1000,13427.75791
924.70575,753,13439.856683
871.93677,1000,13465.675871
882.46387,1000,13465.956191
265.183,1000,13483.274832
572.547,1000,13509.935572
891.98004,1000,13607.379147
888.139,1000,13607.650944
917.5062,825,13613.644081
818.04395,1000,13616.977296
868.3643,1000,13635.06643
888.2452,1000,13635.352128
848.98486,1000,13672.167069
882.88385,1000,13698.797545
889.6992,1000,13734.79061
707.8173,1000,13735.083649
556.15784,1000,13740.91795
863.7014,1000,13744.203408
882.0897,1000,13762.140608
893.0913,1000,13762.421005
873.4904,1000,13798.642491
928.2061,718,13800.327209
912.1054,879,13859.314212
556.0616,1000,13860.312287
874.8303,1000,13860.573687
924.60144,754,13866.510639
872.33044,1000,13866.609631
57.693275,1000,13887.754483
645.22253,1000,13925.500082
19.719402,1000,13927.194124
930.1003,699,13947.707152
922.5008,775,13948.179774
154.75397,1000,13986.405717
363.5725,1000,14050.720264
925.70105,743,14055.603334
886.67535,1000,14056.830915
915.1071,849,14084.254145
870.0073,1000,14115.266614
881.75366,1000,14137.471555
592.8706,1000,14137.922739
779.0783,727,14138.637967
337.49576,1000,14175.976527
668.6941,1000,14177.255188
593.64886,1000,14183.475022
665.3031,1000,14210.776155
690.5523,1000,14241.609032
875.10144,1000,14263.867075
889.7714,1000,14264.334429
787.1037,1000,14265.047676
916.2032,838,14268.98528
773.0845,828,14275.337243
590.9682,1000,14304.079735
39.470093,369,14317.070539
783.8745,714,14323.502706
746.98596,1000,14337.098357
406.67822,557,14337.296551
839.39777,1000,14390.22822
892.79083,1000,14390.682815
222.29651,778,14391.221843
702.9879,1000,14401.407717
353.94318,1000,14498.475106
298.93054,777,14499.217785
657.1554,1000,14505.055624
470.90866,1000,14518.625377
219.04816,641,14521.24257
913.2063,868,14561.59696
811.48773,1000,14572.403735
893.3853,1000,14583.132622
787.99615,698,14585.442585
529.9966,1000,14624.430033
315.27798,1000,14625.162089
858.1847,1000,14644.516911
886.9363,1000,14647.18939
867.8835,1000,14687.306609
866.91815,1000,14698.968266
860.5328,1000,14709.574512
807.2271,1000,14711.984504
900.4039,996,14750.667476
742.81323,1000,14751.674972
459.86884,1000,14770.761842
508.88184,1000,14773.277811
692.8897,1000,14814.100703
718.85284,1000,14825.051338
688.5881,1000,14835.878118
853.08105,1000,14838.251001
9.951042,334,14843.383529
911.706,883,14866.890123
932.3053,677,14872.009716
902.6102,974,14876.046942
917.1064,829,14882.707664
315.5803,1000,15014.795433
875.4469,1000,15025.967161
867.8695,1000,15028.372273
446.57928,1000,15033.456753
255.04431,1000,15037.737325
661.7655,1000,15061.907878
877.36816,1000,15065.902789
876.1205,1000,15072.663567
543.61206,1000,15141.434877
562.4963,1000,15151.977021
546.84424,1000,15154.283635
880.46564,1000,15159.353138
344.82278,1000,15163.464997
868.09717,1000,15187.764498
391.16107,1000,15191.74321
708.08136,1000,15198.437315
924.7025,753,15259.439084
868.9919,1000,15267.902535
930.80255,692,15268.413575
934.20325,658,15276.142071
863.9105,1000,15278.845562
882.02716,1000,15286.231896
875.3619,1000,15290.479068
819.65283,1000,15318.843295
885.1913,1000,15447.909829
886.4514,1000,15456.435907
886.1164,1000,15456.903389
923.3012,767,15458.506746
425.65942,932,15458.706698
874.5584,1000,15467.462139
857.3863,1000,15475.266202
837.30096,1000,15507.742547
507.50385,1000,15574.181839
905.41077,946,15578.330229
889.8424,1000,15582.546228
545.2834,1000,15584.543738
875.1879,1000,15584.727902
891.08246,1000,15593.587328
885.97205,1000,15600.913765
634.0957,1000,15613.816396
386.17328,622,15651.662665
929.20087,708,15663.354032
925.2062,748,15669.071894
936.6002,634,15675.197442
924.00006,760,15678.830082
874.60876,1000,15700.164246
889.70026,1000,15711.09804
928.9019,711,15715.35041
485.86334,1000,15777.296561
125.39691,747,15783.824922
849.10254,1000,15788.690858
34.546753,1000,15849.922085
801.0346,1000,15856.20739
859.60754,1000,15859.812813
873.6019,1000,15891.407841
873.6912,1000,15895.424711
932.6017,674,15918.230879
388.4438,1000,15962.258671
601.0079,1000,15974.755548
284.852,891,15977.051592
862.559,1000,15980.570164
873.07526,1000,15990.883146
918.50183,815,15991.075926
893.59576,1000,16024.783698
805.49817,1000,16052.359327
598.75555,1000,16095.461674
937.501,625,16102.505473
469.6548,1000,16107.915606
916.1059,839,16109.247003
854.6992,1000,16110.260763
878.19226,1000,16113.748379
863.577,1000,16124.085225
830.0981,1000,16185.436468
820.89557,1000,16227.665072
872.6099,1000,16234.340227
846.84784,1000,16239.337749
877.1326,1000,16240.598285
674.09564,1000,16241.600612
851.7319,1000,16245.009701
215.94618,1000,16320.078452
428.23492,1000,16378.616237
927.70544,723,16389.40682
882.58856,1000,16420.528348
630.66046,1000,16427.306211
851.3001,1000,16432.462768
873.99054,1000,16434.75499
635.3049,1000,16438.043356
761.3615,943,16443.024318
432.5031,1000,16506.757469
665.6352,1000,16517.518171
847.37665,1000,16548.217326
871.3384,1000,16555.165108
867.0048,1000,16560.190625
856.9619,1000,16562.368654
811.3588,1000,16565.797406
812.7573,1000,16570.821168
791.45386,1000,16634.22233
884.3848,1000,16644.764954
868.0954,1000,16675.950006
673.94604,1000,16682.860221
876.5151,1000,16687.886617
854.8982,1000,16690.114846
850.3923,1000,16693.551492
348.85895,1000,16698.662565
829.71545,1000,16825.788691
578.24384,1000,16836.42064
323.3528,1000,16867.279155
850.6648,1000,16874.058737
855.402,1000,16879.135888
884.23346,1000,16881.34869
621.52985,1000,16884.576495
342.8531,1000,16889.620712
205.80556,1000,16953.761563
929.3054,707,16963.769109
675.28754,1000,16964.226955
882.6455,1000,16975.383078
840.07104,1000,17002.471382
379.08243,1000,17007.589203
853.74744,1000,17013.149319
865.3071,1000,17018.168257
725.29224,1000,17080.951707
392.4888,1000,17091.037038
819.3061,1000,17091.486168
530.8194,1000,17102.776776
558.44617,1000,17129.075913
446.4644,1000,17134.068279
205.728,1000,17139.490603
802.8237,1000,17144.393133
885.3568,1000,17270.767502
910.806,892,17271.899094
882.2806,1000,17281.075202
886.7161,1000,17292.775743
711.8038,1000,17319.003303
878.7354,1000,17324.099331
891.8468,1000,17329.5355
892.86804,1000,17334.471933
928.0034,720,17394.716192
873.597,1000,17397.595776
847.0087,1000,17398.734371
857.5237,1000,17407.63891
919.2035,808,17419.897472
889.8417,1000,17426.463003
850.6636,1000,17451.041851
892.94366,1000,17461.631723
792.0896,1000,17522.583405
777.8862,1000,17525.478004
858.04987,1000,17526.761349
886.02386,1000,17536.561968
887.35187,1000,17549.451201
725.2527,1000,17555.863
896.3753,1000,17581.213312
889.69934,1000,17592.149879
855.72797,1000,17721.555336
893.0909,1000,17724.399996
860.4025,1000,17725.58919
867.52155,1000,17735.120553
488.42786,1000,17747.727998
888.77606,1000,17754.096828
586.20966,1000,17759.667457
892.5787,1000,17790.753992
595.376,1000,17852.290009
902.6051,974,17853.962609
477.31522,1000,17855.100071
600.6271,1000,17865.184121
875.9537,1000,17877.109829
874.74146,1000,17883.276162
859.12036,1000,17888.487872
872.98413,1000,17918.753898
841.1867,1000,17978.456904
871.4403,1000,17980.079157
831.9787,1000,17981.233036
777.0795,1000,17991.511281
928.6022,714,18000.251503
866.55334,1000,18003.513752
421.27222,1000,18009.831739
882.8269,1000,18014.843846
858.1815,1000,18108.327537
875.0122,1000,18110.033297
884.7444,1000,18111.214846
860.1553,1000,18187.628063
874.7385,1000,18196.879508
883.3937,1000,18200.336489
858.77124,1000,18206.735185
892.3179,1000,18212.160498
